Username,CardNumber,CVV,Yaer of Expiry,Month Of Expiry
Amp7,6050000000000000    ,123,2023,12
GeeKu28,6050000000000000    ,123,2021,4
ISJA31,6050000000000000    ,123,2020,5
IS543,6050000000000000    ,123,2023,3
JEFTR,6050000000000000    ,123,2024,1
JoSeb77,6050000000000000    ,123,2022,4
KingKevin,6050000000000000    ,123,2023,12
LMS10,6050000000000000    ,123,2023,4
Rhea,6050000000000000    ,123,2022,6
JohnRo,6050000000000000    ,123,2022,4
TJ7716,6050000000000000    ,123,2023,2
VMK3119,6050000000000000    ,290,2023,7
DevKa123,6050000000000000    ,123,2023,3
Jeff123,6050000000000000    ,123,2023,2
Eljo45,6050000000000000    ,,,
dep56,6050000000000000    ,123,2022,2
emil24,6050000000000000    ,123,2023,2
nijo32,6050000000000000    ,123,2023,2
dclare45,6050000000000000    ,,,
devkariath123,6050000000000000    ,,,
ar412,6050000000000000    ,123,2022,3
joby23,6050000000000000    ,,,
Gfed23,6050000000000000    ,123,2023,2
math23,6050000000000000    ,123,2023,3
Marisa135,6050000000000000    ,123,2023,12
MVK246,6050000000000000    ,142,2023,9
